Articulo;Almacen;Lote;Cantidad;Costo;Fecha;Vence;VenceDiasDesdeInstalacion;Caso
LAC-023;PRINCIPAL;YV-260901;6;38;2026-10-01;;-5;Vencido: el POS lo rechaza (LOTE_VENCIDO); se da de baja con merma o ajuste
LAC-023;PRINCIPAL;YV-260925;24;38;2026-10-01;2027-09-30;;Normal
LAC-024;PRINCIPAL;YP-260903;6;38;2026-10-01;;0;Vence hoy: se vende (PQ-2)
LAC-024;PRINCIPAL;YP-260926;24;38;2026-10-01;2027-10-15;;Normal
LAC-025;PRINCIPAL;QB-260920;8;170;2026-10-01;;3;Vence pronto: es el sugerido (vence primero)
LAC-025;PRINCIPAL;QB-260928;12;170;2026-10-01;2027-08-31;;Normal
LAC-026;PRINCIPAL;LD-260910;36;70;2026-10-01;2027-07-31;;Normal (el sugerido)
LAC-026;PRINCIPAL;LD-260929;36;70;2026-10-01;2027-11-30;;Normal
LAC-027;PRINCIPAL;CA-260915;18;80;2026-10-01;2027-12-31;;Normal (un solo lote)
BEB-024;PRINCIPAL;JC-260918;12;95;2026-10-01;2027-08-15;;Normal (el sugerido)
BEB-024;PRINCIPAL;JC-260927;24;95;2026-10-01;2027-12-15;;Normal
VIV-047;PRINCIPAL;PB-260929;15;105;2026-10-01;;5;Vence pronto: es el sugerido (vence primero)
VIV-047;PRINCIPAL;PB-260930;15;105;2026-10-01;2027-07-10;;Normal
VIV-048;PRINCIPAL;PI-260930;10;120;2026-10-01;2027-07-10;;Normal (un solo lote)
